ship_construction;Construction and Propulsion;;;;;;;;;;;;;;;;;;;;;;;;;;x;;;;;;;;;;
steamer_shipyard_construction;Steamer Shipyards;;;;;;;;;;;;;;;;;;;;;;;;;;x;;;;;;;;;;
steamer_shipyard_construction_desc;Building steam ships is no easy task, thus we need to first design a shipyard of the appropriate size to begin construction.;;;;;;;;;;;;;;;;;;;;;;;;;;x;;;;;;;;;;
clipper_shipyard_construction;Clipper Shipyards;;;;;;;;;;;;;;;;;;;;;;;;;;x;;;;;;;;;;
clipper_shipyard_construction_desc;Building huge ships such as the Man'o'War is no easy task, thus we need to first design a shipyard of the appropriate size to begin construction.;;;;;;;;;;;;;;;;;;;;;;;;;;x;;;;;;;;;;
western_shipyards;Shipyards;;;;;;;;;;;;;;;;;;;;;;;;;;x;;;;;;;;;;
western_shipyards_l;Shipyards;;;;;;;;;;;;;;;;;;;;;;;;;;x;;;;;;;;;;
no_western_shipyards;Traditional Shipyards;;;;;;;;;;;;;;;;;;;;;;;;;;x;;;;;;;;;;
no_western_shipyards_l;Traditional Shipyards;;;;;;;;;;;;;;;;;;;;;;;;;;x;;;;;;;;;;
no_western_shipyards_desc;Our shipyards are built according to our old traditions.;;;;;;;;;;;;;;;;;;;;;;;;;;x;;;;;;;;;;
yes_western_shipyards;Western Shipyards;;;;;;;;;;;;;;;;;;;;;;;;;;x;;;;;;;;;;
yes_western_shipyards_l;Western Shipyards;;;;;;;;;;;;;;;;;;;;;;;;;;x;;;;;;;;;;
yes_western_shipyards_desc;Our shipyards are built by foreign experts, allowing for the construction of ships of a much higher tonnage.;;;;;;;;;;;;;;;;;;;;;;;;;;x;;;;;;;;;;
old_style_family_business_desc;This style of business culture meant that the owners treated the business as a family shop or restaurant. The border between private and business was very unclear. The practice became very emotional and the owners would take much larger risks for their business, but at the cost of professionalism.;;;;;;;;;;;;;;;;;;;;;;;;;;;;x;;;;;;;;
switch_to_traditional_academic_title;Renovate The Academia;;;;;;;;;;;;;;;;;;;;;;;;;;;x;;;;;;;;;
switch_to_traditional_academic_desc;Many within our academic circles feel that the present direction of our academia is misguided and that we should adopt a more traditional academic profile.;;;;;;;;;;;;;;;;;;;;;;;;;;;x;;;;;;;;;
czech_tech_school;Skoda Works;;;;;;;;;;;;;;;;;;;;;;;;;;;x;;;;;;;;;
japanese_tech_school;Shukensen-Riekisen;;;;;;;;;;;;;;;;;;;;;;;;;;;x;;;;;;;;;
naval_tech_school;Sea Power & The Merchant Marine;;;;;;;;;;;;;;;;;;;;;;;;;;;;;x;;;;;;;
switch_to_navy_tech_title;Sea Power & The Merchant Marine;;;;;;;;;;;;;;;;;;;;;;;;;;;;;x;;;;;;;
unciv_tech_school;Developing Academia;;;;;;;;;;;;;;;;;;;;;;;;;;;;;;;;;;x;;
genetics_heredity;Genetics: Heredity;;;;;;;;;;;;;;;;;;;;;;;;;;;;;;;;;;x;;
genetics_heredity_desc;Heredity Genetics were a major step towards the understanding of life itself. Gregor Mendel (1822-84) assumed that every trait an organism contains is written down in some material factors and are transferred during the process of reproduction. In experiments with his pea plants he could prove his thesis.;;;;;;;;;;;;;;;;;;;;;;;;;;;;;;;;;;;;x
modern_winemaking;Modern Winemaking;;;;;;;;;;;;;;;;;;;;;;;x;;;;;;;;;;;;;
modern_winemaking_desc;Although winemaking is a very old process, the proper expertise and equipment needed to make wine production lines is essential for the future of the industry.;;;;;;;;;;;;;;;;;;;;;;x;;;;;;;;;;;;;;
bottling_process;Bottling Process;;;;;;;;;;;;;;;;;;;;;;;x;;;;;;;;;;;;;
bottling_process_desc;Modern bottling techniques for efficient and proper bottling and distribution of alcohol are needed for the future of the beverages industry.;;;;;;;;;;;;;;;;;;;;;;;x;;;;;;;;;;;;;
schrapnel_standard_design;Schrapnel Standard Design;;;;;;;;;;;;;;;;;;;;;;;x;;;;;;;;;;;;;
schrapnel_standard_design_desc;Shrapnel shells were anti-personnel artillery munitions which carried a large number of individual bullets close to the target and then ejected them to allow them to continue along the shell's trajectory and strike the target individually. They relied almost entirely on the shell's velocity for their lethality. The final shrapnel shell design bore little similarity to Henry Shrapnel's original design, marking the quick evolution of technology at the time.;;;;;;;;;;;;;;;;;;;;;;;x;;;;;;;;;;;;;
barbed_wire_defense;Barbed Wire Defense;;;;;;;;;;;;;;;;;;;;;;;x;;;;;;;;;;;;;
barbed_wire_defense_desc;Barbed wire is a type of steel fencing wire constructed with sharp edges or points arranged at intervals along the strand. It is used to construct inexpensive fences and is used atop walls or as a major feature of the fortifications in trench warfare, stopping infantry charges.;;;;;;;;;;;;;;;;;;;;;;;x;;;;;;;;;;;;;
helmet_mass_production;Helmet Mass Production;;;;;;;;;;;;;;;;;;;;;;;x;;;;;;;;;;;;;
helmet_mass_production_desc;The use of artillery and modern machine guns renewed the need for steel helmets. They quickly became  the standard among armed forces, from the French Adrian and the British Brodie to the German Stahlhelm. By the 20th century, such helmets offered protection for the head from shrapnel and fragments as well as for specialist roles.;;;;;;;;;;;;;;;;;;;;;;;x;;;;;;;;;;;;;
camouflage_uniforms;Camouflage Uniforms;;;;;;;;;;;;;;;;;;;;;;;x;;;;;;;;;;;;;
camouflage_uniforms_desc;Camouflage is the use of any combination of materials, coloration, or illumination for concealment, either by making the target hard to see, or by disguising them as something else. With the raise in mortality of modern warfare, it seemed prudent to make our soldiers harder to kill by replacing the traditional uniforms.;;;;;;;;;;;;;;;;;;;;;;;x;;;;;;;;;;;;;
rotary_kiln;Rotary Kiln;;;;;;;;;;;;;;;;;;;;;;;;;;;;;;;;;;;;
rotary_kiln_desc;"The Rotary ""endless"" kiln gives perfect control over combustion and produces a better grade of cement. The kiln is a cylindrical vessel, inclined slightly to the horizontal, which is rotated slowly about its axis. The material to be processed is fed into the upper end of the cylinder. As the kiln rotates, material gradually moves down towards the lower end, and may undergo a certain amount of stirring and mixing. Hot gases pass along the kiln, sometimes in the same direction as the process material, but usually in the opposite direction. The hot gases may be generated in an external furnace, or may be generated by a flame inside the kiln.";;;;;;;;;;;;;;;;;;;;;;;;;;;;;;;;;;;;
stiff_plastic_brickmaking_machine;Stiff-Plastic Brickmaking Machine;;;;;;;;;;;;;;;;;;;;;;;;;;;;;;;;;;;;
stiff_plastic_brickmaking_machine_desc;In the machines used in the stiff-plastic process the previously powdered and screened clay is mixed into a stiff-plastic, granular material, which is afterwards compressed into a stiff paste. The mixing may be made in a trough-mixer or in a pug-mill. The shaping of bricks by the stiff-plastic process take places in two parts: the clot or roughly shaped brick which is made by mechanically forcing the stiff paste into a mould and the brick which is made by pressing the clot.;;;;;;;;;;;;;;;;;;;;;;;;;;;;;;;;;;;;
jiggs;Jigs;;;;;;;;;;;;;;;;;;;;;;;;;;;;;;;;;;;;
dobby_loom;Dobby Loom;;;;;;;;;;;;;;;;;;;;;;;;;;;;;;;;;;;;
dobby_loom_desc;A Dobby loom is a type of floor loom that controls all the warp threads using a device called a dobby. The main advantage of dobby looms is that more intricate designs can be produced. Dobby looms can be operated by wooden lags with pegs, which rotate around a roller above the loom. The pegs in the lags correspond to the lifting plan, which controls which harnesses are lifted. Punched paper pattern cards can also be used.;;;;;;;;;;;;;;;;;;;;;;;;;;;;;;;;;;;;
cotton_gin;Cotton Gin;;;;;;;;;;;;;;;;;;;;;;;;;;;;;;;;;;;;
cotton_gin_desc;The Cotton Gin is a machine for cleaning cotton of its seeds. The device pulls the cotton through a set of wire teeth mounted on a revolving cylinder, the fibre passing through narrow slots in an iron breastwork too small to permit passage of the seed. The simplicity of the invention — which could be powered by man, animal, or water — caused it to be widely copied despite patents. The cotton gin increased productivity of removing seed from cotton by a factor of 50. While it took a single slave about ten hours to separate a single pound of fiber from the seeds, a team of two or three slaves using a cotton gin could produce around fifty pounds of cotton in just one day.;;;;;;;;;;;;;;;;;;;;;;;;;;;;;;;;;;;;
lancashire_loom;Lancashire Loom;;;;;;;;;;;;;;;;;;;;;;;;;;;;;;;;;;;;
lancashire_loom_desc; The Lancashire Loom is an self-acting loom, though it has to be stopped to recharge empty shuttles. The principal advantage of the Lancashire loom was that it was semi-automatic, when a warp thread broke the weaver was notified. When the shuttle ran out of thread, the machine stopped. An operative thus could work 4 or more looms whereas previously they could only work a single loom. Indeed the term A Four Loom Weaver was used to describe the operatives. Labour cost was quartered. In some mills an operative would operate 6 or even 8 looms.;;;;;;;;;;;;;;;;;;;;;;;;;;;;;;;;;;;;
steam_powered_silk_reels;Steam-Powered Silk-Reels;;;;;;;;;;;;;;;;;;;;;;;;;;;;;;;;;;;;
steam_powered_silk_reels_desc;Silk reeling is the process by which a number of cocoon baves are reeled together to produce a single thread. This is achieved by unwinding filaments collectively from a group of cooked cocoons at one end in a warm water bath and winding the resultant thread onto a fast moving reel. By mechanizing the process, we could increase our silk-reeling efficiency.;;;;;;;;;;;;;;;;;;;;;;;;;;;;;;;;;;;;
;;;;;;;;;;;;;;;;;;;;;;;;;;;;;;;;;;;;;
post_napoleonic_thought;Gustavian Thought;;;;;;;;;;;;;x,,,,,,,,,,,,,,,,,,,,,,;;;;;;;;;;;;;;;;;;;;;;;
strategic_mobility;Line Infantry;;;;;;;;;;;;;x,,,,,,,,,,,,,,,,,,,,,,;;;;;;;;;;;;;;;;;;;;;;;
point_defense_system;Age Of Rifles;;;;;;;;;;;;;x,,,,,,,,,,,,,,,,,,,,,,;;;;;;;;;;;;;;;;;;;;;;;
deep_defense_system;Professional Army;;;;;;;;;;;;;x,,,,,,,,,,,,,,,,,,,,,,;;;;;;;;;;;;;;;;;;;;;;;
infiltration;Skirmish Tactics;;;;;;;;;;;;;x,,,,,,,,,,,,,,,,,,,,,,;;;;;;;;;;;;;;;;;;;;;;;
modern_army_doctrine;Standardized Army;;;;;;;;;;;;;x,,,,,,,,,,,,,,,,,,,,,,;;;;;;;;;;;;;;;;;;;;;;;
army_doctrine_7;Clausewitzian Thought;;;;;;;;;;;;;x,,,,,,,,,,,,,,,,,,,,,,;;;;;;;;;;;;;;;;;;;;;;;
army_doctrine_8;Napoleonic Doctrine;;;;;;;;;;;;;x,,,,,,,,,,,,,,,,,,,,,,;;;;;;;;;;;;;;;;;;;;;;;
flintlock_rifles;Matchlock Rifles;;;;;;;;;;;;;x,,,,,,,,,,,,,,,,,,,,,,;;;;;;;;;;;;;;;;;;;;;;;
muzzle_loaded_rifles;Flintlock Rifles;;;;;;;;;;;;;x,,,,,,,,,,,,,,,,,,,,,,;;;;;;;;;;;;;;;;;;;;;;;
breech_loaded_rifles;Grenadiers;;;;;;;;;;;;;x,,,,,,,,,,,,,,,,,,,,,,;;;;;;;;;;;;;;;;;;;;;;;
machine_guns;Bayonet Rifles;;;;;;;;;;;;;x,,,,,,,,,,,,,,,,,,,,,,;;;;;;;;;;;;;;;;;;;;;;;
bolt_action_rifles;Long Rifles;;;;;;;;;;;;;x,,,,,,,,,,,,,,,,,,,,,,;;;;;;;;;;;;;;;;;;;;;;;
modern_divisional_structure;Carbines;;;;;;;;;;;;;x,,,,,,,,,,,,,,,,,,,,,,;;;;;;;;;;;;;;;;;;;;;;;
light_armament_7;Derringer;;;;;;;;;;;;;x,,,,,,,,,,,,,,,,,,,,,,;;;;;;;;;;;;;;;;;;;;;;;
light_armament_8;Sharpshooters;;;;;;;;;;;;;x,,,,,,,,,,,,,,,,,,,,,,;;;;;;;;;;;;;;;;;;;;;;;
bronze_muzzle_loaded_artillery;Bombards;;;;;;;;;;;;;x,,,,,,,,,,,,,,,,,,,,,,;;;;;;;;;;;;;;;;;;;;;;;
iron_muzzle_loaded_artillery;Cannons;;;;;;;;;;;;;x,,,,,,,,,,,,,,,,,,,,,,;;;;;;;;;;;;;;;;;;;;;;;
iron_breech_loaded_artillery;Limber;;;;;;;;;;;;;x,,,,,,,,,,,,,,,,,,,,,,;;;;;;;;;;;;;;;;;;;;;;;
steel_breech_loaded_artillery;Enfilade;;;;;;;;;;;;;x,,,,,,,,,,,,,,,,,,,,,,;;;;;;;;;;;;;;;;;;;;;;;
indirect_artillery_fire;Triangulation;;;;;;;;;;;;;x,,,,,,,,,,,,,,,,,,,,,,;;;;;;;;;;;;;;;;;;;;;;;
heavy_armament_dunno;Grapeshot;;;;;;;;;;;;;x,,,,,,,,,,,,,,,,,,,,,,;;;;;;;;;;;;;;;;;;;;;;;
heavy_armament_7;Decisive Firepower;;;;;;;;;;;;;x,,,,,,,,,,,,,,,,,,,,,,;;;;;;;;;;;;;;;;;;;;;;;
heavy_armament_8;Modern Cannons;;;;;;;;;;;;;x,,,,,,,,,,,,,,,,,,,,,,;;;;;;;;;;;;;;;;;;;;;;;
army_command_principle;Unity Of Command;;;;;;;;;;;;;x,,,,,,,,,,,,,,,,,,,,,,;;;;;;;;;;;;;;;;;;;;;;;
army_professionalism;Academic Training;;;;;;;;;;;;;x,,,,,,,,,,,,,,,,,,,,,,;;;;;;;;;;;;;;;;;;;;;;;
army_decision_making;Army Professionalism;;;;;;;;;;;;;x,,,,,,,,,,,,,,,,,,,,,,;;;;;;;;;;;;;;;;;;;;;;;
army_risk_management;Force Structure;;;;;;;;;;;;;x,,,,,,,,,,,,,,,,,,,,,,;;;;;;;;;;;;;;;;;;;;;;;
army_nco_training;Army Promotion Principles;;;;;;;;;;;;;x,,,,,,,,,,,,,,,,,,,,,,;;;;;;;;;;;;;;;;;;;;;;;
great_war_experience;Army Decision Making;;;;;;;;;;;;;x,,,,,,,,,,,,,,,,,,,,,,;;;;;;;;;;;;;;;;;;;;;;;
army_leadership_7;General Staff System;;;;;;;;;;;;;x,,,,,,,,,,,,,,,,,,,,,,;;;;;;;;;;;;;;;;;;;;;;;
army_leadership_8;Army Independent Command;;;;;;;;;;;;;x,,,,,,,,,,,,,,,,,,,,,,;;;;;;;;;;;;;;;;;;;;;;;
private_banks;Banking Houses;;;;;;;;;;;;;x,,,,,,,,,,,,,,,,,,,,,,;;;;;;;;;;;;;;;;;;;;;;;
stock_exchange;Central Banks;;;;;;;;;;;;;x,,,,,,,,,,,,,,,,,,,,,,;;;;;;;;;;;;;;;;;;;;;;;
business_banks;Insurance Companies;;;;;;;;;;;;;x,,,,,,,,,,,,,,,,,,,,,,;;;;;;;;;;;;;;;;;;;;;;;
investment_banks;Government Bonds;;;;;;;;;;;;;x,,,,,,,,,,,,,,,,,,,,,,;;;;;;;;;;;;;;;;;;;;;;;
bank_inspection_board;Private Banks;;;;;;;;;;;;;x,,,,,,,,,,,,,,,,,,,,,,;;;;;;;;;;;;;;;;;;;;;;;
mutual_funds;Postal Saving System;;;;;;;;;;;;;x,,,,,,,,,,,,,,,,,,,,,,;;;;;;;;;;;;;;;;;;;;;;;
financial_institutions_7;Business Banks;;;;;;;;;;;;;x,,,,,,,,,,,,,,,,,,,,,,;;;;;;;;;;;;;;;;;;;;;;;
financial_institutions_8;Commercial Banks;;;;;;;;;;;;;x,,,,,,,,,,,,,,,,,,,,,,;;;;;;;;;;;;;;;;;;;;;;;
no_standard;No Standard;;;;;;;;;;;;;x,,,,,,,,,,,,,,,,,,,,,,;;;;;;;;;;;;;;;;;;;;;;;
ad_hoc_money_bill_printing;Silver Standard;;;;;;;;;;;;;x,,,,,,,,,,,,,,,,,,,,,,;;;;;;;;;;;;;;;;;;;;;;;
private_bank_money_bill_printing;Gold Standard;;;;;;;;;;;;;x,,,,,,,,,,,,,,,,,,,,,,;;;;;;;;;;;;;;;;;;;;;;;
central_bank_money_bill_printing;Bimetalllic Standard;;;;;;;;;;;;;x,,,,,,,,,,,,,,,,,,,,,,;;;;;;;;;;;;;;;;;;;;;;;
modern_central_bank_system;Private Bank Money Bill Printing;;;;;;;;;;;;;x,,,,,,,,,,,,,,,,,,,,,,;;;;;;;;;;;;;;;;;;;;;;;
market_determined_exchange_rates;Central Bank Money Bill Printing;;;;;;;;;;;;;x,,,,,,,,,,,,,,,,,,,,,,;;;;;;;;;;;;;;;;;;;;;;;
monetary_system_7;Fixed Foreign Exchange Rates;;;;;;;;;;;;;x,,,,,,,,,,,,,,,,,,,,,,;;;;;;;;;;;;;;;;;;;;;;;
monetary_system_8;Fiat Money System;;;;;;;;;;;;;x,,,,,,,,,,,,,,,,,,,,,,;;;;;;;;;;;;;;;;;;;;;;;
early_classical_theory_and_critique;Salamanca School of Economics;;;;;;;;;;;;;x,,,,,,,,,,,,,,,,,,,,,,;;;;;;;;;;;;;;;;;;;;;;;
late_classical_theory;Mercantilism;;;;;;;;;;;;;x,,,,,,,,,,,,,,,,,,,,,,;;;;;;;;;;;;;;;;;;;;;;;
collectivist_theory;Protectionism & Cameralism;;;;;;;;;;;;;x,,,,,,,,,,,,,,,,,,,,,,;;;;;;;;;;;;;;;;;;;;;;;
the_historical_theory;Economic Physiocracy;;;;;;;;;;;;;x,,,,,,,,,,,,,,,,,,,,,,;;;;;;;;;;;;;;;;;;;;;;;
neoclassical_theory;Theory of Value;;;;;;;;;;;;;x,,,,,,,,,,,,,,,,,,,,,,;;;;;;;;;;;;;;;;;;;;;;;
keynesian_economics;Classical Theory;;;;;;;;;;;;;x,,,,,,,,,,,,,,,,,,,,,,;;;;;;;;;;;;;;;;;;;;;;;
economic_thought_and_critique_7;Saint-Simonianism;;;;;;;;;;;;;x,,,,,,,,,,,,,,,,,,,,,,;;;;;;;;;;;;;;;;;;;;;;;
economic_thought_and_critique_8;Utopian Socialism;;;;;;;;;;;;;x,,,,,,,,,,,,,,,,,,,,,,;;;;;;;;;;;;;;;;;;;;;;;
freedom_of_trade;Freedom Of Trade;;;;;;;;;;;;;x,,,,,,,,,,,,,,,,,,,,,,;;;;;;;;;;;;;;;;;;;;;;;
market_structure;Market Structure;;;;;;;;;;;;;x,,,,,,,,,,,,,,,,,,,,,,;;;;;;;;;;;;;;;;;;;;;;;
business_regulations;Joint Stock Companies;;;;;;;;;;;;;x,,,,,,,,,,,,,,,,,,,,,,;;;;;;;;;;;;;;;;;;;;;;;
market_regulations;Trust Companies;;;;;;;;;;;;;x,,,,,,,,,,,,,,,,,,,,,,;;;;;;;;;;;;;;;;;;;;;;;
economic_responsibility;Trade Unions;;;;;;;;;;;;;x,,,,,,,,,,,,,,,,,,,,,,;;;;;;;;;;;;;;;;;;;;;;;
government_interventionism;Business Regulations;;;;;;;;;;;;;x,,,,,,,,,,,,,,,,,,,,,,;;;;;;;;;;;;;;;;;;;;;;;
market_functionality_7;Market Regulations;;;;;;;;;;;;;x,,,,,,,,,,,,,,,,,,,,,,;;;;;;;;;;;;;;;;;;;;;;;
market_functionality_8;Economic Responsibility;;;;;;;;;;;;;x,,,,,,,,,,,,,,,,,,,,,,;;;;;;;;;;;;;;;;;;;;;;;
guild_based_production;Guild Based Production;;;;;;;;;;;;;x,,,,,,,,,,,,,,,,,,,,,,;;;;;;;;;;;;;;;;;;;;;;;
organized_factories;Bourgeoisie Organization;;;;;;;;;;;;;x,,,,,,,,,,,,,,,,,,,,,,;;;;;;;;;;;;;;;;;;;;;;;
scientific_management;Capital Organization;;;;;;;;;;;;;x,,,,,,,,,,,,,,,,,,,,,,;;;;;;;;;;;;;;;;;;;;;;;
time_saving_measures;Workface Organization;;;;;;;;;;;;;x,,,,,,,,,,,,,,,,,,,,,,;;;;;;;;;;;;;;;;;;;;;;;
management_strategy;Market Organization;;;;;;;;;;;;;x,,,,,,,,,,,,,,,,,,,,,,;;;;;;;;;;;;;;;;;;;;;;;
management_strategy_desc;Management Strategy;Strat?ie de gestion;Verwaltungsstrategie;;Estrategia gesti?;;;;;;;;;x;;;;
organizational_development;Organized Manufactories;;;;;;;;;;;;;x,,,,,,,,,,,,,,,,,,,,,,;;;;;;;;;;;;;;;;;;;;;;;
organizational_development_desc;Organizational Development;D?eloppement organisationnel;Organisatorische Verwaltung;;Desarrollo de la organizaci?;;;;;;;;;x;;;;
tech_organization_7;Scientific Management;;;;;;;;;;;;;x,,,,,,,,,,,,,,,,,,,,,,;;;;;;;;;;;;;;;;;;;;;;;
tech_organization_8;Time-saving Measures;;;;;;;;;;;;;x,,,,,,,,,,,,,,,,,,,,,,;;;;;;;;;;;;;;;;;;;;;;;
classicism_n_early_romanticism;Mannerism & Late Renaissance;;;;;;;;;;;;;x,,,,,,,,,,,,,,,,,,,,,,;;;;;;;;;;;;;;;;;;;;;;;
romanticism;Early Baroque;;;;;;;;;;;;;x,,,,,,,,,,,,,,,,,,,,,,;;;;;;;;;;;;;;;;;;;;;;;
realism;High Baroque;;;;;;;;;;;;;x,,,,,,,,,,,,,,,,,,,,,,;;;;;;;;;;;;;;;;;;;;;;;
impressionism;Rococo;;;;;;;;;;;;;x,,,,,,,,,,,,,,,,,,,,,,;;;;;;;;;;;;;;;;;;;;;;;
expressionism;Classicism;;;;;;;;;;;;;x,,,,,,,,,,,,,,,,,,,,,,;;;;;;;;;;;;;;;;;;;;;;;
mass_culture_n_the_avant_garde;Neoclassicism;;;;;;;;;;;;;x,,,,,,,,,,,,,,,,,,,,,,;;;;;;;;;;;;;;;;;;;;;;;
aesthetics_7;Pre-Romantic Movement;;;;;;;;;;;;;x,,,,,,,,,,,,,,,,,,,,,,;;;;;;;;;;;;;;;;;;;;;;;
aesthetics_8;Romanticism;;;;;;;;;;;;;x,,,,,,,,,,,,,,,,,,,,,,;;;;;;;;;;;;;;;;;;;;;;;
late_enlightenment_philosophy;Renaissance Philosophy;;;;;;;;;;;;;x,,,,,,,,,,,,,,,,,,,,,,;;;;;;;;;;;;;;;;;;;;;;;
idealism;Cartesianism;;;;;;;;;;;;;x,,,,,,,,,,,,,,,,,,,,,,;;;;;;;;;;;;;;;;;;;;;;;
empiricism;Rationalism;;;;;;;;;;;;;x,,,,,,,,,,,,,,,,,,,,,,;;;;;;;;;;;;;;;;;;;;;;;
analytic_philosophy;Empiricism;;;;;;;;;;;;;x,,,,,,,,,,,,,,,,,,,,,,;;;;;;;;;;;;;;;;;;;;;;;
phenomenology_n_hermeneutic;Enlightenment Philosophy;;;;;;;;;;;;;x,,,,,,,,,,,,,,,,,,,,,,;;;;;;;;;;;;;;;;;;;;;;;
anti__rationalism;Modern Political Philosophy;;;;;;;;;;;;;x,,,,,,,,,,,,,,,,,,,,,,;;;;;;;;;;;;;;;;;;;;;;;
philosophy_7;Transcendental Idealism;;;;;;;;;;;;;x,,,,,,,,,,,,,,,,,,,,,,;;;;;;;;;;;;;;;;;;;;;;;
philosophy_8;Absolute Idealism;;;;;;;;;;;;;x,,,,,,,,,,,,,,,,,,,,,,;;;;;;;;;;;;;;;;;;;;;;;
malthusian_thought;Aristotelianism;;;;;;;;;;;;;x,,,,,,,,,,,,,,,,,,,,,,;;;;;;;;;;;;;;;;;;;;;;;
positivism;Renaissance Humanism;;;;;;;;;;;;;x,,,,,,,,,,,,,,,,,,,,,,;;;;;;;;;;;;;;;;;;;;;;;
functionalism;Social Contract Theory;;;;;;;;;;;;;x,,,,,,,,,,,,,,,,,,,,,,;;;;;;;;;;;;;;;;;;;;;;;
biologism;Scientific Rationality;;;;;;;;;;;;;x,,,,,,,,,,,,,,,,,,,,,,;;;;;;;;;;;;;;;;;;;;;;;
social_science;Sciences of Man;;;;;;;;;;;;;x,,,,,,,,,,,,,,,,,,,,,,;;;;;;;;;;;;;;;;;;;;;;;
social_alienation;Enlightenment Ideals;;;;;;;;;;;;;x,,,,,,,,,,,,,,,,,,,,,,;;;;;;;;;;;;;;;;;;;;;;;
social_thought_7;Reform Movements;;;;;;;;;;;;;x,,,,,,,,,,,,,,,,,,,,,,;;;;;;;;;;;;;;;;;;;;;;;
social_thought_8;Malthusianism;;;;;;;;;;;;;x,,,,,,,,,,,,,,,,,,,,,,;;;;;;;;;;;;;;;;;;;;;;;
enlightenment_thought;Sovereign States;;;;;;;;;;;;;x,,,,,,,,,,,,,,,,,,,,,,;;;;;;;;;;;;;;;;;;;;;;;
ideological_thought;Divine Right of Kings;;;;;;;;;;;;;x,,,,,,,,,,,,,,,,,,,,,,;;;;;;;;;;;;;;;;;;;;;;;
state_n_government;State of Nature;;;;;;;;;;;;;x,,,,,,,,,,,,,,,,,,,,,,;;;;;;;;;;;;;;;;;;;;;;;
nationalism_n_imperialism;Rights and Liberty;;;;;;;;;;;;;x,,,,,,,,,,,,,,,,,,,,,,;;;;;;;;;;;;;;;;;;;;;;;
revolution_n_counterrevolution;Law & Jurisprudence;;;;;;;;;;;;;x,,,,,,,,,,,,,,,,,,,,,,;;;;;;;;;;;;;;;;;;;;;;;
mass_politics;The Constitution;;;;;;;;;;;;;x,,,,,,,,,,,,,,,,,,,,,,;;;;;;;;;;;;;;;;;;;;;;;
political_thought_7;Republicanism & Revolutionism;;;;;;;;;;;;;x,,,,,,,,,,,,,,,,,,,,,,;;;;;;;;;;;;;;;;;;;;;;;
political_thought_8;The Rights of Man;;;;;;;;;;;;;x,,,,,,,,,,,,,,,,,,,,,,;;;;;;;;;;;;;;;;;;;;;;;
introspectionism;Theory of Soul;;;;;;;;;;;;;x,,,,,,,,,,,,,,,,,,,,,,;;;;;;;;;;;;;;;;;;;;;;;
associationism;Mind–body Problem;;;;;;;;;;;;;x,,,,,,,,,,,,,,,,,,,,,,;;;;;;;;;;;;;;;;;;;;;;;
phenomenalism;Theory of Consciousness;;;;;;;;;;;;;x,,,,,,,,,,,,,,,,,,,,,,;;;;;;;;;;;;;;;;;;;;;;;
experimental_psychology;Ethnology;;;;;;;;;;;;;x,,,,,,,,,,,,,,,,,,,,,,;;;;;;;;;;;;;;;;;;;;;;;
psychoanalysis;Sensationalism;;;;;;;;;;;;;x,,,,,,,,,,,,,,,,,,,,,,;;;;;;;;;;;;;;;;;;;;;;;
behaviorism;Associationism;;;;;;;;;;;;;x,,,,,,,,,,,,,,,,,,,,,,;;;;;;;;;;;;;;;;;;;;;;;
psychology_7;Early Anthropology;;;;;;;;;;;;;x,,,,,,,,,,,,,,,,,,,,,,;;;;;;;;;;;;;;;;;;;;;;;
psychology_8;Psychiatry;;;;;;;;;;;;;x,,,,,,,,,,,,,,,,,,,,,,;;;;;;;;;;;;;;;;;;;;;;;
piston_steam_engine;Water Wheel Power;;;;;;;;;;;;;x,,,,,,,,,,,,,,,,,,,,,,;;;;;;;;;;;;;;;;;;;;;;;
high_pressure_steam_engine;Early Steam Engine;;;;;;;;;;;;;x,,,,,,,,,,,,,,,,,,,,,,;;;;;;;;;;;;;;;;;;;;;;;
compound_steam_engines;Improved Water Wheel Design;;;;;;;;;;;;;x,,,,,,,,,,,,,,,,,,,,,,;;;;;;;;;;;;;;;;;;;;;;;
steam_turbine;Water Turbine;;;;;;;;;;;;;x,,,,,,,,,,,,,,,,,,,,,,;;;;;;;;;;;;;;;;;;;;;;;
combustion_engine;Practical Steam Engine;;;;;;;;;;;;;x,,,,,,,,,,,,,,,,,,,,,,;;;;;;;;;;;;;;;;;;;;;;;
electrical_power_generation;Watt Steam Engine;;;;;;;;;;;;;x,,,,,,,,,,,,,,,,,,,,,,;;;;;;;;;;;;;;;;;;;;;;;
tech_power_7;High-pressure Steam Engine;;;;;;;;;;;;;x,,,,,,,,,,,,,,,,,,,,,,;;;;;;;;;;;;;;;;;;;;;;;
tech_power_8;Compound Steam Engine;;;;;;;;;;;;;x,,,,,,,,,,,,,,,,,,,,,,;;;;;;;;;;;;;;;;;;;;;;;
mechanical_production;Flying Shuttle;;;;;;;;;;;;;x,,,,,,,,,,,,,,,,,,,,,,;;;;;;;;;;;;;;;;;;;;;;;
interchangeable_parts;Spinning Jenny;;;;;;;;;;;;;x,,,,,,,,,,,,,,,,,,,,,,;;;;;;;;;;;;;;;;;;;;;;;
semi_automatization;Spring Scale;;;;;;;;;;;;;x,,,,,,,,,,,,,,,,,,,,,,;;;;;;;;;;;;;;;;;;;;;;;
pneumatic_and_hydraulics;Threshing Machine;;;;;;;;;;;;;x,,,,,,,,,,,,,,,,,,,,,,;;;;;;;;;;;;;;;;;;;;;;;
assembly_line;Interchangable Parts;;;;;;;;;;;;;x,,,,,,,,,,,,,,,,,,,,,,;;;;;;;;;;;;;;;;;;;;;;;
shift_work;Printing Press;;;;;;;;;;;;;x,,,,,,,,,,,,,,,,,,,,,,;;;;;;;;;;;;;;;;;;;;;;;
mechanization_7;Publishing Industry;;;;;;;;;;;;;x,,,,,,,,,,,,,,,,,,,,,,;;;;;;;;;;;;;;;;;;;;;;;
mechanization_8;Mechanical Production;;;;;;;;;;;;;x,,,,,,,,,,,,,,,,,,,,,,;;;;;;;;;;;;;;;;;;;;;;;
mechanized_mining;Cementation Process;;;;;;;;;;;;;x,,,,,,,,,,,,,,,,,,,,,,;;;;;;;;;;;;;;;;;;;;;;;
puddling;Chain Pumps;;;;;;;;;;;;;x,,,,,,,,,,,,,,,,,,,,,,;;;;;;;;;;;;;;;;;;;;;;;
hot_blast;Black Powder Blasting;;;;;;;;;;;;;x,,,,,,,,,,,,,,,,,,,,,,;;;;;;;;;;;;;;;;;;;;;;;
bessemer_process;Steam Pumps;;;;;;;;;;;;;x,,,,,,,,,,,,,,,,,,,,,,;;;;;;;;;;;;;;;;;;;;;;;
advanced_metallurgy;Screw Cutting Lathe;;;;;;;;;;;;;x,,,,,,,,,,,,,,,,,,,,,,;;;;;;;;;;;;;;;;;;;;;;;
electric_furnace;Hydraulic Press;;;;;;;;;;;;;x,,,,,,,,,,,,,,,,,,,,,,;;;;;;;;;;;;;;;;;;;;;;;
metallurgy_7;Coke Blast Furnance;;;;;;;;;;;;;x,,,,,,,,,,,,,,,,,,,,,,;;;;;;;;;;;;;;;;;;;;;;;
metallurgy_8;Machine Tools;;;;;;;;;;;;;x,,,,,,,,,,,,,,,,,,,,,,;;;;;;;;;;;;;;;;;;;;;;;
experimental_railroad;Paved Road;;;;;;;;;;;;;x,,,,,,,,,,,,,,,,,,,,,,;;;;;;;;;;;;;;;;;;;;;;;
early_railroad;Turnpike Road;;;;;;;;;;;;;x,,,,,,,,,,,,,,,,,,,,,,;;;;;;;;;;;;;;;;;;;;;;;
iron_railroad;Wooden Railway;;;;;;;;;;;;;x,,,,,,,,,,,,,,,,,,,,,,;;;;;;;;;;;;;;;;;;;;;;;
steel_railroad;Horse-drawn Waggonway;;;;;;;;;;;;;x,,,,,,,,,,,,,,,,,,,,,,;;;;;;;;;;;;;;;;;;;;;;;
integral_rail_system;Trésaguet's Road;;;;;;;;;;;;;x,,,,,,,,,,,,,,,,,,,,,,;;;;;;;;;;;;;;;;;;;;;;;
limited_access_roads;Iron Plateways;;;;;;;;;;;;;x,,,,,,,,,,,,,,,,,,,,,,;;;;;;;;;;;;;;;;;;;;;;;
tech_infrastructure_7;Experimental Locomotives;;;;;;;;;;;;;x,,,,,,,,,,,,,,,,,,,,,,;;;;;;;;;;;;;;;;;;;;;;;
tech_infrastructure_8;Early Railroad;;;;;;;;;;;;;x,,,,,,,,,,,,,,,,,,,,,,;;;;;;;;;;;;;;;;;;;;;;;
basic_chemistry;Aristotelian Sciences;;;;;;;;;;;;;x,,,,,,,,,,,,,,,,,,,,,,;;;;;;;;;;;;;;;;;;;;;;;
medicine;Galilean Sciences;;;;;;;;;;;;;x,,,,,,,,,,,,,,,,,,,,,,;;;;;;;;;;;;;;;;;;;;;;;
inorganic_chemistry;Classical Sciences;;;;;;;;;;;;;x,,,,,,,,,,,,,,,,,,,,,,;;;;;;;;;;;;;;;;;;;;;;;
organic_chemistry;Empirical Sciences;;;;;;;;;;;;;x,,,,,,,,,,,,,,,,,,,,,,;;;;;;;;;;;;;;;;;;;;;;;
electricity;Natural History;;;;;;;;;;;;;x,,,,,,,,,,,,,,,,,,,,,,;;;;;;;;;;;;;;;;;;;;;;;
synthetic_polymers;Classical Mechanics & Mathematics;;;;;;;;;;;;;x,,,,,,,,,,,,,,,,,,,,,,;;;;;;;;;;;;;;;;;;;;;;;
chemistry_and_electricity_7;Chemical Revolution;;;;;;;;;;;;;x,,,,,,,,,,,,,,,,,,,,,,;;;;;;;;;;;;;;;;;;;;;;;
chemistry_and_electricity_8;Medicinal Practices;;;;;;;;;;;;;x,,,,,,,,,,,,,,,,,,,,,,;;;;;;;;;;;;;;;;;;;;;;;
post_nelsonian_thought;Line Of Battle;;;;;;;;;;;;;x,,,,,,,,,,,,,,,,,,,,,,;;;;;;;;;;;;;;;;;;;;;;;
battleship_column_doctrine;Commerce Raiding;;;;;;;;;;;;;x,,,,,,,,,,,,,,,,,,,,,,;;;;;;;;;;;;;;;;;;;;;;;
raider_group_doctrine;Total Blockade;;;;;;;;;;;;;x,,,,,,,,,,,,,,,,,,,,,,;;;;;;;;;;;;;;;;;;;;;;;
blue_and_brown_water_schools;Command Of The Sea;;;;;;;;;;;;;x,,,,,,,,,,,,,,,,,,,,,,;;;;;;;;;;;;;;;;;;;;;;;
high_sea_battle_fleet;Firepower;;;;;;;;;;;;;x,,,,,,,,,,,,,,,,,,,,,,;;;;;;;;;;;;;;;;;;;;;;;
modern_naval_doctrine;Steal And Steam;;;;;;;;;;;;;x,,,,,,,,,,,,,,,,,,,,,,;;;;;;;;;;;;;;;;;;;;;;;
naval_doctrine_7;Naval Manouver;;;;;;;;;;;;;x,,,,,,,,,,,,,,,,,,,,,,;;;;;;;;;;;;;;;;;;;;;;;
naval_doctrine_8;Nelsonian Thought;;;;;;;;;;;;;x,,,,,,,,,,,,,,,,,,,,,,;;;;;;;;;;;;;;;;;;;;;;;
clipper_design;Frigates;;;;;;;;;;;;;x,,,,,,,,,,,,,,,,,,,,,,;;;;;;;;;;;;;;;;;;;;;;;
steamers;Ships of the Line;;;;;;;;;;;;;x,,,,,,,,,,,,,,,,,,,,,,;;;;;;;;;;;;;;;;;;;;;;;
iron_steamers;Copper Bottoms;;;;;;;;;;;;;x,,,,,,,,,,,,,,,,,,,,,,;;;;;;;;;;;;;;;;;;;;;;;
steel_steamers;War Galleons;;;;;;;;;;;;;x,,,,,,,,,,,,,,,,,,,,,,;;;;;;;;;;;;;;;;;;;;;;;
steam_turbine_ships;Clipper Design;;;;;;;;;;;;;x,,,,,,,,,,,,,,,,,,,,,,;;;;;;;;;;;;;;;;;;;;;;;
oil_driven_ships;Seventy-Four;;;;;;;;;;;;;x,,,,,,,,,,,,,,,,,,,,,,;;;;;;;;;;;;;;;;;;;;;;;
ship_construction_7;Steamboats;;;;;;;;;;;;;x,,,,,,,,,,,,,,,,,,,,,,;;;;;;;;;;;;;;;;;;;;;;;
ship_construction_8;Heavy First Rate;;;;;;;;;;;;;x,,,,,,,,,,,,,,,,,,,,,,;;;;;;;;;;;;;;;;;;;;;;;
naval_design_bureaus;Carronades;;;;;;;;;;;;;x,,,,,,,,,,,,,,,,,,,,,,;;;;;;;;;;;;;;;;;;;;;;;
fire_control_systems;Copper Sheathing;;;;;;;;;;;;;x,,,,,,,,,,,,,,,,,,,,,,;;;;;;;;;;;;;;;;;;;;;;;
weapon_platforms;Top Gallants;;;;;;;;;;;;;x,,,,,,,,,,,,,,,,,,,,,,;;;;;;;;;;;;;;;;;;;;;;;
main_armament;Improved Coppering;;;;;;;;;;;;;x,,,,,,,,,,,,,,,,,,,,,,;;;;;;;;;;;;;;;;;;;;;;;
advanced_naval_design;Fire Control Systems;;;;;;;;;;;;;x,,,,,,,,,,,,,,,,,,,,,,;;;;;;;;;;;;;;;;;;;;;;;
modern_naval_design;Early-Modern Shipyards;;;;;;;;;;;;;x,,,,,,,,,,,,,,,,,,,,,,;;;;;;;;;;;;;;;;;;;;;;;
naval_engineering_7;Naval Design Bureaus;;;;;;;;;;;;;x,,,,,,,,,,,,,,,,,,,,,,;;;;;;;;;;;;;;;;;;;;;;;
naval_engineering_8;Weapon Platforms;;;;;;;;;;;;;x,,,,,,,,,,,,,,,,,,,,,,;;;;;;;;;;;;;;;;;;;;;;;
alphabetic_flag_signaling;Early Navigation Techniques;;;;;;;;;;;;;x,,,,,,,,,,,,,,,,,,,,,,;;;;;;;;;;;;;;;;;;;;;;;
naval_plans;Navigation Techniques;;;;;;;;;;;;;x,,,,,,,,,,,,,,,,,,,,,,;;;;;;;;;;;;;;;;;;;;;;;
naval_statistics;Marine Chronometer;;;;;;;;;;;;;x,,,,,,,,,,,,,,,,,,,,,,;;;;;;;;;;;;;;;;;;;;;;;
naval_logistics;Alphabetic Flag Signal;;;;;;;;;;;;;x,,,,,,,,,,,,,,,,,,,,,,;;;;;;;;;;;;;;;;;;;;;;;
naval_directionism;Naval Planning;;;;;;;;;;;;;x,,,,,,,,,,,,,,,,,,,,,,;;;;;;;;;;;;;;;;;;;;;;;
naval_integration;Naval Statistics;;;;;;;;;;;;;x,,,,,,,,,,,,,,,,,,,,,,;;;;;;;;;;;;;;;;;;;;;;;
naval_science_7;Naval Logistics;;;;;;;;;;;;;x,,,,,,,,,,,,,,,,,,,,,,;;;;;;;;;;;;;;;;;;;;;;;
naval_science_8;Naval Directionism;;;;;;;;;;;;;x,,,,,,,,,,,,,,,,,,,,,,;;;;;;;;;;;;;;;;;;;;;;;
the_command_principle;Admirality;;;;;;;;;;;;;x,,,,,,,,,,,,,,,,,,,,,,;;;;;;;;;;;;;;;;;;;;;;;
naval_professionalism;Naval Proffesionalism;;;;;;;;;;;;;x,,,,,,,,,,,,,,,,,,,,,,;;;;;;;;;;;;;;;;;;;;;;;
naval_decision_making;Naval Decision-Making;;;;;;;;;;;;;x,,,,,,,,,,,,,,,,,,,,,,;;;;;;;;;;;;;;;;;;;;;;;
naval_risk_management;Naval Risk Managment;;;;;;;;;;;;;x,,,,,,,,,,,,,,,,,,,,,,;;;;;;;;;;;;;;;;;;;;;;;
naval_nco_training;Naval Command Principle;;;;;;;;;;;;;x,,,,,,,,,,,,,,,,,,,,,,;;;;;;;;;;;;;;;;;;;;;;;
modern_naval_training;Naval Nco Training;;;;;;;;;;;;;x,,,,,,,,,,,,,,,,,,,,,,;;;;;;;;;;;;;;;;;;;;;;;
naval_leadership_7;Ealry Modern Naval Training;;;;;;;;;;;;;x,,,,,,,,,,,,,,,,,,,,,,;;;;;;;;;;;;;;;;;;;;;;;
naval_leadership_8;Ealry Modern Admirality Training;;;;;;;;;;;;;x,,,,,,,,,,,,,,,,,,,,,,;;;;;;;;;;;;;;;;;;;;;;;
military_staff_system;Military Mobility;;;;;;;;;;;;;x,,,,,,,,,,,,,,,,,,,,,,;;;;;;;;;;;;;;;;;;;;;;;
military_plans;Military Slanning;;;;;;;;;;;;;x,,,,,,,,,,,,,,,,,,,,,,;;;;;;;;;;;;;;;;;;;;;;;
military_statistics;Military Statistics;;;;;;;;;;;;;x,,,,,,,,,,,,,,,,,,,,,,;;;;;;;;;;;;;;;;;;;;;;;
military_logistics;Military Logistics;;;;;;;;;;;;;x,,,,,,,,,,,,,,,,,,,,,,;;;;;;;;;;;;;;;;;;;;;;;
military_directionism;Military Administration;;;;;;;;;;;;;x,,,,,,,,,,,,,,,,,,,,,,;;;;;;;;;;;;;;;;;;;;;;;
aeronautics;Military History;;;;;;;;;;;;;x,,,,,,,,,,,,,,,,,,,,,,;;;;;;;;;;;;;;;;;;;;;;;
military_science_7;Military Economics;;;;;;;;;;;;;x,,,,,,,,,,,,,,,,,,,,,,;;;;;;;;;;;;;;;;;;;;;;;
military_science_8;Military Engineering;;;;;;;;;;;;;x,,,,,,,,,,,,,,,,,,,,,,;;;;;;;;;;;;;;;;;;;;;;;
psychology;Psychology & Human Studies;Psychologie & Etude de l'Humanité;Psychologie;;Psicolog?;;;;;;;;;x;;;;
psychology_desc;This area covers the developments in psychology and investigation of human minds. It changed not only mankind? view of itself but also created systematic knowledge in behaviour especially on a macrolevel.;Ce domaine concerne le d?eloppement de la psychologie. Cela changea non seulement la conception de l'humanit? mais aboutit aussi ?une connaissance m?hodique du comportement, surtout ?un niveau macro.;Dieser Bereich deckt die Entwicklung der Psychologie ab. Nicht nur ?derte sie die Ansicht der Menschheit ?er sich selbst, sondern erarbeitete auch systematisches Wissen um das Verhalten, besonders auf einer Makrostufe.;;Esta ?ea cubre la evoluci? de la psicolog?. Cambi?no s?o la visi? que se ten? del hombre, sino que tambi? cre?un conocimiento sistem?ico de la conducta, especialmente a nivel general.;;;;;;;;;x;;;;
chemistry_and_electricity;Science;Science;Science;;Psicolog?;;;;;;;;;x;;;;
chemistry_and_electricity_desc;This area involves the development of sciences and all of its major branches as the 18th century progressed;Ce domaine concerne le d?eloppement de la chimie, de l'?ectricit?et de leurs applications.;Dieser Bereich bezieht sich auf die Entwicklung von Chemie und Elektrizit? sowie aller Ausgliederungen.;;Esta ?ea implica el desarrollo de la qu?ica y la electricidad y todos sus derivados.;;;;;;;;;x;;;;
;;;;;;;;;;;;;;x,,,,,,,,,,,,,,,,,,,,,,;;;;;;;;;;;;;;;;;;;;;;;
